chain,k,delta,n,order,sigma_true,estimate
0,3,0.17817127890204884,32768,3,0.014617627299970553,0.01414536516517051
1,3,0.050325498527177596,32768,3,1.4167896687995984,1.4324929209340842
2,5,0.8053079605592476,32768,3,0.6219020416582071,0.6162828174812576
3,5,0.0637637661123636,32768,3,0.6901690974044226,0.7408708052526569
4,5,0.40600630122814557,32768,3,0.16070155235118763,0.1636369414747072
5,3,0.6493651515209525,32768,3,0.004535141331494273,0.0027156739652877127
6,5,0.6435021293262511,32768,3,0.3494559532704908,0.35494810671899435
7,5,0.49365802296790795,32768,3,0.07302254460315506,0.0748747275850361
8,4,0.2904888838183089,32768,3,0.06781055826028269,0.0737758613371775
9,3,0.4446031537300486,32768,3,0.131228849453874,0.1258130738140384
10,4,0.6420741589122204,32768,3,0.5534809040297604,0.5400943145182553
11,4,0.07175603340607348,32768,3,0.5514651412531868,0.5638595916702638
12,5,0.1820209639916632,32768,3,1.1065086638640655,1.1156734611924897
13,4,0.8607232419725678,32768,3,0.76349350386162,0.7523944663482163
14,4,0.7899354718804468,32768,3,0.4599592235867681,0.45539733615211375
15,3,0.84539724164222,32768,3,0.07121411169969787,0.07188707941110362
16,5,0.39097172406402214,32768,3,0.40097457576931217,0.40868006768630716
17,4,0.799039087584976,32768,3,2.0302837955933732,1.997273377505973
18,3,0.8832677542365589,32768,3,0.5617032759315947,0.5638172523974976
19,4,0.7727117321486783,32768,3,0.6797117127817984,0.6915852401894642
20,4,0.058552736692377,32768,3,0.23627084579881416,0.24560040907542668
21,5,0.7209283972545031,32768,3,0.5486489872233776,0.5430887566248217
22,3,0.6259525894672402,32768,3,0.0014124347798698924,0.0015114875266715178
23,3,0.27490177434730567,32768,3,0.13148092277558404,0.126206865698397
24,4,0.8391331619480488,32768,3,0.05552630845725854,0.05648393330128609
25,3,0.4069987231811603,32768,3,0.14818120025483245,0.14820972852900693
26,3,0.7568319553535056,32768,3,0.07611090926348041,0.077656562293962
27,4,0.6860442032683192,32768,3,0.607498077883512,0.6235277392071328
28,3,0.49506599952835817,32768,3,0.02991750128069883,0.028280979875692003
29,4,0.8244647506522472,32768,3,2.166299720605876,2.171388879964204
30,5,0.005048703699185819,32768,3,0.42776369728295804,0.42668133938604
31,3,0.8827322046321262,32768,3,0.9744967420837499,0.9737880040827231
32,5,0.30336359569266297,32768,3,0.6606026550124858,0.6826992248758186
33,5,0.7743538140732004,32768,3,1.045508446115978,1.0331447517012973
34,5,0.8030463635147849,32768,3,0.39151918774686184,0.39371176885484194
35,4,0.2380549001250528,32768,3,0.5719221481558481,0.5421946916137774
36,4,0.24143276297555147,32768,3,0.3922957800716113,0.39386173067939856
37,5,0.13363350024584142,32768,3,0.08941534319006073,0.08012230384541397
38,4,0.17429535778601288,32768,3,0.12397873436622166,0.12512629011661924
39,3,0.7426896560880866,32768,3,0.0037639096575901605,0.0030872977867764106
40,4,0.7979231713352545,32768,3,0.3363826373611216,0.3348676531251942
41,5,0.49901954932634124,32768,3,0.2540436846110756,0.24906936314614203
42,4,0.288074154009615,32768,3,0.14543232535888098,0.14407784875823482
43,3,0.18870953683058125,32768,3,0.07553966158167001,0.06801674531023605
44,5,0.1087355439400768,32768,3,0.8815839784216135,0.9444205999906978
45,3,0.45425681956376895,32768,3,0.17466208092623342,0.17493254855092732
46,4,0.5136841405349063,32768,3,1.0187361041936958,1.019905504826124
47,3,0.692563211793794,32768,3,0.008180221092644331,0.007295897365577231
48,4,0.012109839306143478,32768,3,0.9806402432153564,0.9944661613318915
49,5,0.4771036044739921,32768,3,0.5556964214400558,0.5439924548235422
50,4,0.5868744105167651,32768,3,0.5945933273193236,0.5992498460544216
51,3,0.41857010395338323,32768,3,0.05791850209553312,0.054512428394283274
52,3,0.4767403501042918,32768,3,0.14063441629417783,0.14325720486823457
53,3,0.2900426624973156,32768,3,0.10449995260239918,0.09871422974549904
54,5,0.010185186523010615,32768,3,0.18586478739167658,0.177689261383573
55,4,0.46741658621073373,32768,3,1.8524728273925133,1.8033582956061913
56,3,0.45188752996175796,32768,3,1.3828719217156404,1.3268617825485194
57,5,0.44420583679077497,32768,3,1.0407525200533172,1.0544143165076931
58,3,0.7632900489896263,32768,3,5.493335410844836e-05,0.00020443752629906164
59,4,0.7959188288379271,32768,3,0.3469622125083491,0.3558925179908825
