channel,seed,n,order,sigma_hidden,estimate
noisy,0,131072,1,0.646240625180289,0.08496315671145682
noisy,0,131072,2,0.646240625180289,0.11508073024122933
noisy,0,131072,3,0.646240625180289,0.12220409165787238
noisy,0,131072,4,0.646240625180289,0.12220409165787238
noisy,0,131072,5,0.646240625180289,0.12220409165787238
noisy,0,131072,6,0.646240625180289,0.12220409165787238
noisy,1,131072,1,0.646240625180289,0.08840032113597962
noisy,1,131072,2,0.646240625180289,0.11896137451541078
noisy,1,131072,3,0.646240625180289,0.12719137298805516
noisy,1,131072,4,0.646240625180289,0.12719137298805516
noisy,1,131072,5,0.646240625180289,0.12719137298805516
noisy,1,131072,6,0.646240625180289,0.12719137298805516
noisy,2,131072,1,0.646240625180289,0.08954256444858211
noisy,2,131072,2,0.646240625180289,0.1166431001798296
noisy,2,131072,3,0.646240625180289,0.1218682792496375
noisy,2,131072,4,0.646240625180289,0.1218682792496375
noisy,2,131072,5,0.646240625180289,0.1218682792496375
noisy,2,131072,6,0.646240625180289,0.1218682792496375
lumped,0,131072,1,0.646240625180289,1.2092805116270533e-05
lumped,0,131072,2,0.646240625180289,1.6556008366475083e-05
lumped,0,131072,3,0.646240625180289,2.6035399140589277e-05
lumped,0,131072,4,0.646240625180289,4.9492318186628026e-05
lumped,0,131072,5,0.646240625180289,4.949231815021271e-05
lumped,0,131072,6,0.646240625180289,4.949231815021271e-05
lumped,1,131072,1,0.646240625180289,0.0
lumped,1,131072,2,0.646240625180289,0.0
lumped,1,131072,3,0.646240625180289,1.0552065882185602e-06
lumped,1,131072,4,0.646240625180289,5.651991708433002e-06
lumped,1,131072,5,0.646240625180289,5.651991708433002e-06
lumped,1,131072,6,0.646240625180289,5.651991708433002e-06
lumped,2,131072,1,0.646240625180289,0.0
lumped,2,131072,2,0.646240625180289,0.0
lumped,2,131072,3,0.646240625180289,5.87014977135869e-05
lumped,2,131072,4,0.646240625180289,6.65245646068735e-05
lumped,2,131072,5,0.646240625180289,6.65245646068735e-05
lumped,2,131072,6,0.646240625180289,6.65245646068735e-05
