rep,k,n,order,sigma_true,estimate
0,3,512,1,9.4755753263852e-31,0.002375995203854009
0,3,512,3,9.4755753263852e-31,0.002375999592707956
0,3,2048,1,9.4755753263852e-31,0.0029982039967937357
0,3,2048,3,9.4755753263852e-31,0.0029982039996299115
0,3,8192,1,9.4755753263852e-31,0.00021046176436345654
0,3,8192,3,9.4755753263852e-31,0.00021046176436345654
0,3,32768,1,9.4755753263852e-31,3.0259074855099044e-05
0,3,32768,3,9.4755753263852e-31,3.0259074855099044e-05
0,5,512,1,3.617997277642488e-17,0.012744551684403804
0,5,512,3,3.617997277642488e-17,0.012744551684404026
0,5,2048,1,3.617997277642488e-17,0.011927178912619851
0,5,2048,3,3.617997277642488e-17,0.011927178912619851
0,5,8192,1,3.617997277642488e-17,0.000785600827149846
0,5,8192,3,3.617997277642488e-17,0.000785600827149846
0,5,32768,1,3.617997277642488e-17,0.00043599248565984183
0,5,32768,3,3.617997277642488e-17,0.00043599248565984183
1,3,512,1,2.524354896707238e-29,0.0007054116839915192
1,3,512,3,2.524354896707238e-29,0.0007054121757623655
1,3,2048,1,2.524354896707238e-29,0.0009680492471653146
1,3,2048,3,2.524354896707238e-29,0.0009680492567771815
1,3,8192,1,2.524354896707238e-29,0.00020318375823347168
1,3,8192,3,2.524354896707238e-29,0.00020318375826899882
1,3,32768,1,2.524354896707238e-29,0.00014838683287932142
1,3,32768,3,2.524354896707238e-29,0.00014838683287932142
1,5,512,1,-2.922908381205757e-17,0.01938736428195753
1,5,512,3,-2.922908381205757e-17,0.019387364281975072
1,5,2048,1,-2.922908381205757e-17,0.007566477918417025
1,5,2048,3,-2.922908381205757e-17,0.007566477918417025
1,5,8192,1,-2.922908381205757e-17,0.0012996232239990135
1,5,8192,3,-2.922908381205757e-17,0.0012996232239990135
1,5,32768,1,-2.922908381205757e-17,0.001115398226524844
1,5,32768,3,-2.922908381205757e-17,0.001115398226524844
2,3,512,1,-3.681146097242769e-17,0.0032546274637970107
2,3,512,3,-3.681146097242769e-17,0.0032546854022927896
2,3,2048,1,-3.681146097242769e-17,0.0011800467376599233
2,3,2048,3,-3.681146097242769e-17,0.0011800467405473913
2,3,8192,1,-3.681146097242769e-17,0.00029352035178864533
2,3,8192,3,-3.681146097242769e-17,0.0002935203517888674
2,3,32768,1,-3.681146097242769e-17,0.00021806816177227795
2,3,32768,3,-3.681146097242769e-17,0.00021806816177227795
2,5,512,1,4.5198592277875585e-18,0.02563747802981209
2,5,512,3,4.5198592277875585e-18,0.02563747802981209
2,5,2048,1,4.5198592277875585e-18,0.006370781195308872
2,5,2048,3,4.5198592277875585e-18,0.006370781195308872
2,5,8192,1,4.5198592277875585e-18,0.0027284878092546094
2,5,8192,3,4.5198592277875585e-18,0.0027284878092546094
2,5,32768,1,4.5198592277875585e-18,0.0005797634999953338
2,5,32768,3,4.5198592277875585e-18,0.0005797634999953338
3,3,512,1,-3.601910058908928e-17,0.008168679957588632
3,3,512,3,-3.601910058908928e-17,0.008168765750090845
3,3,2048,1,-3.601910058908928e-17,0.0001016304033920612
3,3,2048,3,-3.601910058908928e-17,0.00010163040363164733
3,3,8192,1,-3.601910058908928e-17,0.00047639062848192637
3,3,8192,3,-3.601910058908928e-17,0.0004763906284817043
3,3,32768,1,-3.601910058908928e-17,0.0001413496754198995
3,3,32768,3,-3.601910058908928e-17,0.0001413496754198995
3,5,512,1,7.88673712262986e-18,0.08066234744741752
3,5,512,3,7.88673712262986e-18,0.08066234744741752
3,5,2048,1,7.88673712262986e-18,0.010104029586194496
3,5,2048,3,7.88673712262986e-18,0.010104029586194496
3,5,8192,1,7.88673712262986e-18,0.0015556993867260616
3,5,8192,3,7.88673712262986e-18,0.0015556993867260616
3,5,32768,1,7.88673712262986e-18,0.0009998238053872122
3,5,32768,3,7.88673712262986e-18,0.0009998238053872122
4,3,512,1,1.85369142841579e-17,0.0239956435271107
4,3,512,3,1.85369142841579e-17,0.023995718828511148
4,3,2048,1,1.85369142841579e-17,0.003347940493153345
4,3,2048,3,1.85369142841579e-17,0.003347940504297764
4,3,8192,1,1.85369142841579e-17,0.0005798544809625383
4,3,8192,3,1.85369142841579e-17,0.0005798544809532125
4,3,32768,1,1.85369142841579e-17,1.6630331363121087e-06
4,3,32768,3,1.85369142841579e-17,1.6630331363121087e-06
4,5,512,1,2.630614709622838e-17,0.005891143974372071
4,5,512,3,2.630614709622838e-17,0.005891143974372959
4,5,2048,1,2.630614709622838e-17,0.015680924130799134
4,5,2048,3,2.630614709622838e-17,0.015680924130799134
4,5,8192,1,2.630614709622838e-17,0.004435497224728913
4,5,8192,3,2.630614709622838e-17,0.004435497224728913
4,5,32768,1,2.630614709622838e-17,0.0008650231730928937
4,5,32768,3,2.630614709622838e-17,0.0008650231730928937
5,3,512,1,2.667140216137696e-17,5.638568994847937e-05
5,3,512,3,2.667140216137696e-17,5.352993783525051e-05
5,3,2048,1,2.667140216137696e-17,0.0017848701194969063
5,3,2048,3,2.667140216137696e-17,0.0017848701242832998
5,3,8192,1,2.667140216137696e-17,0.0008706378310281426
5,3,8192,3,2.667140216137696e-17,0.0008706378310221474
5,3,32768,1,2.667140216137696e-17,5.717021479711981e-05
5,3,32768,3,2.667140216137696e-17,5.717021479711981e-05
5,5,512,1,4.1795426791373786e-18,0.022316649210892825
5,5,512,3,4.1795426791373786e-18,0.022316649210892825
5,5,2048,1,4.1795426791373786e-18,0.008752128142479387
5,5,2048,3,4.1795426791373786e-18,0.008752128142479387
5,5,8192,1,4.1795426791373786e-18,0.004359208328335029
5,5,8192,3,4.1795426791373786e-18,0.004359208328335029
5,5,32768,1,4.1795426791373786e-18,0.0005934322700229533
5,5,32768,3,4.1795426791373786e-18,0.0005934322700229533
6,3,512,1,1.3420995215969554e-17,0.00012164817110327242
6,3,512,3,1.3420995215969554e-17,0.00012163206831794504
6,3,2048,1,1.3420995215969554e-17,0.0028045595165864246
6,3,2048,3,1.3420995215969554e-17,0.0028045595163721515
6,3,8192,1,1.3420995215969554e-17,0.0007679486618494824
6,3,8192,3,1.3420995215969554e-17,0.0007679486618494824
6,3,32768,1,1.3420995215969554e-17,0.00015952283132736333
6,3,32768,3,1.3420995215969554e-17,0.00015952283132736333
6,5,512,1,-1.650465478154235e-17,0.04275258726168074
6,5,512,3,-1.650465478154235e-17,0.042752587261681185
6,5,2048,1,-1.650465478154235e-17,0.01346862883047839
6,5,2048,3,-1.650465478154235e-17,0.01346862883047839
6,5,8192,1,-1.650465478154235e-17,0.0016955062142920418
6,5,8192,3,-1.650465478154235e-17,0.0016955062142920418
6,5,32768,1,-1.650465478154235e-17,0.0009996475276676797
6,5,32768,3,-1.650465478154235e-17,0.0009996475276676797
7,3,512,1,0.0,0.02956720985153738
7,3,512,3,0.0,0.02956722291984426
7,3,2048,1,0.0,0.0013660349213522327
7,3,2048,3,0.0,0.001366034921727266
7,3,8192,1,0.0,0.001188205764235395
7,3,8192,3,0.0,0.0011882057642351729
7,3,32768,1,0.0,0.00012047213607235818
7,3,32768,3,0.0,0.00012047213607235818
7,5,512,1,4.7184014298538746e-18,0.03373026774490673
7,5,512,3,4.7184014298538746e-18,0.03373026774490673
7,5,2048,1,4.7184014298538746e-18,0.003723978050957477
7,5,2048,3,4.7184014298538746e-18,0.003723978050957477
7,5,8192,1,4.7184014298538746e-18,0.001709881602753871
7,5,8192,3,4.7184014298538746e-18,0.001709881602753871
7,5,32768,1,4.7184014298538746e-18,0.0002057462968521051
7,5,32768,3,4.7184014298538746e-18,0.0002057462968521051
8,3,512,1,-3.718828733524564e-17,0.012977069131810515
8,3,512,3,-3.718828733524564e-17,0.012985250407385296
8,3,2048,1,-3.718828733524564e-17,0.0008496631063064086
8,3,2048,3,-3.718828733524564e-17,0.000849663113576371
8,3,8192,1,-3.718828733524564e-17,0.00020419017090456126
8,3,8192,3,-3.718828733524564e-17,0.00020419017119432947
8,3,32768,1,-3.718828733524564e-17,0.00023099896967049283
8,3,32768,3,-3.718828733524564e-17,0.00023099896967049283
8,5,512,1,-1.8398207222047612e-17,0.046953982565783425
8,5,512,3,-1.8398207222047612e-17,0.04695398256578298
8,5,2048,1,-1.8398207222047612e-17,0.010206855706416551
8,5,2048,3,-1.8398207222047612e-17,0.010206855706416551
8,5,8192,1,-1.8398207222047612e-17,0.0028161776205759548
8,5,8192,3,-1.8398207222047612e-17,0.0028161776205759548
8,5,32768,1,-1.8398207222047612e-17,0.000679300608557476
8,5,32768,3,-1.8398207222047612e-17,0.000679300608557476
9,3,512,1,1.7442956752823692e-17,0.005645428582641943
9,3,512,3,1.7442956752823692e-17,0.00564545701776753
9,3,2048,1,1.7442956752823692e-17,1.5080126842814678e-05
9,3,2048,3,1.7442956752823692e-17,1.5080128931144188e-05
9,3,8192,1,1.7442956752823692e-17,0.00030037495222767774
9,3,8192,3,1.7442956752823692e-17,0.00030037495222767774
9,3,32768,1,1.7442956752823692e-17,0.0001910400441706983
9,3,32768,3,1.7442956752823692e-17,0.0001910400441706983
9,5,512,1,3.735721453561572e-17,0.01744841566366717
9,5,512,3,3.735721453561572e-17,0.01744841566366717
9,5,2048,1,3.735721453561572e-17,0.011793679990847572
9,5,2048,3,3.735721453561572e-17,0.011793679990847572
9,5,8192,1,3.735721453561572e-17,0.0017882184143451774
9,5,8192,3,3.735721453561572e-17,0.0017882184143451774
9,5,32768,1,3.735721453561572e-17,0.0006757834212591796
9,5,32768,3,3.735721453561572e-17,0.0006757834212591796
