k,sigma,rho
5,0.43987354818419505,0.10312137815208308
5,0.9219070435927124,0.19639995645525066
5,0.34675579038687865,0.07813337213064778
3,0.5525211891579573,0.1244421422961293
3,0.1833684042282024,0.028551744562189257
4,1.5651234339429194,0.32393417173309347
3,0.345273298209567,0.045981933945331246
5,0.774319958907292,0.13030974472057952
3,0.01040366701155055,0.002598952068120634
5,1.4056194032869616,0.21851566071007766
5,0.2761662435557301,0.06395262573092482
5,1.6600947091639797,0.2790773885829929
5,0.7452053611250629,0.1553238440428758
5,1.7799934802884239,0.3330583094587628
5,0.46814368285664654,0.1058342457548858
4,0.381416271075036,0.08798917959984062
5,0.4972082643053294,0.10993628839711461
5,0.7358042020878953,0.1493826308864259
4,0.3590334485407255,0.07528183725275422
4,1.730665687817737,0.2986072731128107
3,0.0035560464943298637,0.0008791778441700026
4,0.8449997473413873,0.17497919063046188
4,0.6841664097234644,0.1498588266633727
4,1.242332965858676,0.260677248195987
5,0.42517145718616284,0.09238975783019338
5,1.6884572018644006,0.32967179602219293
3,0.28025602471314387,0.06826991971709036
4,0.11522316347278821,0.020419030952771693
5,0.4178338158328829,0.09299821746321843
4,1.1447613236246377,0.24145349216852263
4,0.5919159954667522,0.13246368157102284
4,0.4695441144069366,0.10584999266864317
3,0.2633950391546224,0.06087160462572419
3,0.22313483604369638,0.045599514633039774
4,0.6574538407311974,0.15285571983727242
3,0.997144476979981,0.20512188783329902
5,0.37184979307396043,0.055678826006310266
5,1.2037727168386059,0.2553090095672893
4,0.38743147845976433,0.06696948269028954
4,0.35546907341409084,0.07397228252128638
5,1.9950099581902392,0.38547856083582105
4,0.39060938305891185,0.0916763808553922
5,0.408918603719509,0.09285793520236138
3,0.39613857928286067,0.09136211526171305
4,0.04272829528096926,0.009479914251234775
5,0.7373498365821468,0.14939284033607408
4,0.5484833228134991,0.11347125074449893
4,0.7241116519249428,0.15952062365870912
3,0.31122489855135826,0.06973504474630951
3,1.5821115324960298,0.2777343960192041
4,0.07023828197090917,0.01717525022998595
4,0.680077767475654,0.1485340100682823
5,1.461508784106006,0.28049354913438473
4,0.12111032814345041,0.029570629392633184
5,1.2001847655411382,0.22957776735869917
5,1.0827733292161295,0.21628318804842728
5,0.17057967600590157,0.03987800323359626
4,0.37525174933860145,0.08890029721448084
3,1.098332623284992,0.24242432846861026
5,1.7368722743331064,0.36246461472966096
4,0.21002530779053258,0.050062164457523387
4,0.08332224321561305,0.02061276601516334
4,1.3196219153834186,0.25194548792798244
5,0.9112941864235775,0.17727380509854404
5,0.14740158067247772,0.03448891136326779
5,0.9768198912767635,0.16864316575344201
5,1.3332043536973979,0.24856546361197618
5,0.6562288772842433,0.14619584855686263
5,1.3075451220600698,0.25326360880856846
4,0.33959736483051733,0.07879528638728207
3,1.0127584966860637,0.2236710482287315
3,0.002118297243977752,0.0005278132506281248
4,0.5599920361834487,0.10162769030474333
3,0.012427631900876979,0.0030750492709352263
4,0.30902521903275054,0.07236863106828037
4,0.9966647280212071,0.18972497366844904
4,0.07270995443828115,0.017947776278678933
3,1.094775471432609,0.22422675114923335
3,0.6575258804630202,0.15108337554125378
4,0.9234504764670135,0.19982685976831577
4,0.14244987469741188,0.03444148734555598
5,0.7293900548384236,0.1602799157033478
5,1.2659095577066697,0.24525217051446052
3,1.2497889607011756,0.20017068185103803
3,0.1299354095670459,0.031096061536200828
5,1.3492037030362964,0.26765051738140255
3,0.0801031307210851,0.018786472708439594
4,0.012260536901334069,0.0028842750194262197
3,0.9693900289666941,0.1954864338236576
5,0.6381054234819797,0.11764496445379716
3,0.49083712136416724,0.1173316435590141
5,0.24590441118750006,0.05929041071308716
4,1.0425530788256425,0.22925468205371868
5,1.0284283809540387,0.2043804272746182
3,0.00820350835388127,0.0020214592720016623
5,0.5571386573488056,0.10780386257321897
5,0.7182863814020641,0.15891064431642776
3,3.1112366274009164,0.5067929093516834
4,0.6493726344061217,0.14934464772591613
4,0.22761969958745198,0.034840517348557254
5,1.3402277889470207,0.2550847712244726
5,0.8230910819663678,0.17636096181797362
4,0.8086263342290615,0.1701420458210357
3,0.08320089992427299,0.019460640780284928
3,1.1706930366356556,0.23602926784638217
4,0.693605350352392,0.13554522852606915
4,0.9653148032149746,0.21526561405491695
5,1.4327419791826694,0.29275211998930456
3,0.34563271094894554,0.06726055687327201
4,0.9399254210136337,0.19343095026383694
4,0.9427774363227249,0.20258040337762817
4,0.8243011348722358,0.12587341344119773
5,1.3530255476444704,0.25366335322911676
4,0.7233965417322015,0.1448838315343
5,0.8381924469732842,0.17961344192085696
3,0.5088814286838782,0.10978318630252787
4,0.8537902522876715,0.17349018982271214
4,0.24757828634523066,0.05353048659165842
5,0.26372496093593595,0.05591047471891625
3,0.02337857533549444,0.005806757379645654
4,0.39974257193161816,0.09413142671109445
5,0.5333091233471021,0.11501069733809899
4,1.6757504319283718,0.32325491478932045
4,1.3696669721716943,0.2950477037725565
3,0.2838582566124486,0.062266387425371654
5,0.8562928010145903,0.18218065146214332
4,1.2452615202783484,0.2585100699334858
4,0.2829579216352296,0.06347886931771773
3,0.8868408122943794,0.1846301120833501
4,0.41967064471366045,0.0815693990992856
4,0.03232085455412945,0.007926310104020466
5,0.7251668690187003,0.15859224568171534
5,0.5795338154513235,0.11044948033326928
5,0.6429852239808096,0.1381757751869073
5,2.030336865423825,0.3708735380341155
5,0.3304405156832373,0.078526527584978
4,0.24721002080093615,0.05453045616915085
5,0.7653836351729272,0.16748977837450932
4,0.7308398071311321,0.1479390150383501
4,0.31510610878516015,0.06880200101770337
4,0.24177896505384655,0.04982533986859689
3,1.213808552059689,0.2239742908178172
4,0.6790859456186394,0.16083106046797982
4,0.7819105262543391,0.16183092389444687
4,1.463217173684843,0.30215605256035977
4,0.15473450114719575,0.03768854993975935
4,0.41494355480891015,0.08301852032938524
3,0.07451646544290738,0.017586303364885474
5,0.9074651080010058,0.17672642583051948
3,0.2571312473798526,0.05805714365842364
4,0.1520549260006357,0.036472115453230716
5,1.4436161768041331,0.28552591933070237
4,1.4930593675552206,0.3139894747342729
4,0.4669494156240229,0.10006342606455088
3,1.0024130353510243,0.21574082815753937
4,0.0702745058193506,0.016124952581133598
4,0.4846531772176967,0.11081385633942811
4,1.2794582577120144,0.2867232851466509
3,0.0009753498896033982,0.00024369637385551713
3,0.3100044896243351,0.07083435699728592
3,2.0336348371097603,0.34479806900812093
4,1.2846355067280362,0.2657297340270304
4,0.04106835957979274,0.010152557621872917
4,2.7822148744684037,0.4654007111836561
4,1.0353193813019037,0.2207721099071053
4,0.28710426573646786,0.06647990504066381
5,0.1900357335618867,0.04158746531768895
3,0.2812072634202726,0.06579288969808575
5,0.6970080837335515,0.13519681133551514
3,0.5619773481281302,0.10420617514098826
3,0.013387126706428783,0.0033373620207946732
3,0.23321399657957118,0.05411197032740783
5,1.221294631817482,0.22134108634733618
4,1.7091590149271765,0.3415808120556277
5,1.2083003010994724,0.21300579620621163
5,0.392618500320045,0.09027548914972602
5,1.0345554344097794,0.20368298766872117
3,1.7154992764235648,0.36176550604389823
4,1.243715588831284,0.22512427300207963
3,0.44434806540884986,0.1071131359198481
5,0.2759696290140518,0.06396909029883178
4,0.6191481451115686,0.12243408804756953
5,1.1339469769109716,0.23097875833815718
4,0.2640564423167982,0.06363097835130228
3,0.8274766334686294,0.1854894784444095
5,0.39712396353613805,0.08914895353914228
3,0.7584210604953011,0.16816101091768698
4,0.6695424101932125,0.12405284472857767
4,0.18788420825848037,0.043250889354886426
3,1.2304682049284128,0.24236252411164833
3,1.1274946100340393,0.19056566133707686
4,0.2711416604110758,0.05259704887812211
4,0.33347131191573354,0.06432364223631282
4,0.9969488155636971,0.22752487266919919
4,0.2753197168688134,0.06468415821260029
3,0.9946675169359376,0.21047083286249665
4,0.4855340191846926,0.10711324374732524
5,0.5487986726081465,0.11817186409653016
4,0.4781340958870645,0.1058075357410094
5,0.8694330783211309,0.16956408099971373
4,1.8253801765455917,0.38192009951559425
4,0.3537311934438385,0.08452720582695614
3,0.033008822634049514,0.00820769417766282
4,2.1435843162397963,0.37837428090793357
3,0.1044981498177253,0.02528583457066705
3,0.32227891659472846,0.07481876300053546
5,0.4591976142875006,0.1051050485708276
5,0.9622796990329544,0.1946796192643264
3,0.3677793483493913,0.08066597737936976
3,0.0001344231917038733,3.359622435822633e-05
4,1.9107209052636442,0.3741413208896789
5,1.0699881543909597,0.1816012737713918
4,0.2540080176404958,0.06138620261411808
5,0.5856054279147935,0.13022926346319302
5,0.8527742851316998,0.18140096198109212
5,0.39925320330675695,0.08786436001105932
5,0.6845581024449479,0.15174150158173583
3,0.6708582859564595,0.1452093960763885
5,0.22448199559947182,0.05099380764236945
5,0.5699987048438373,0.1332910094316456
4,0.6088132631774612,0.12575862015796016
3,0.9348745683079207,0.20634025226696914
4,0.04453589727322048,0.01089104820652627
4,0.8102725547034928,0.17481050067024548
3,0.10809522268721627,0.026552858606079296
4,0.4807740850373384,0.10607468180580001
5,0.5584025448947407,0.13200173265081205
4,1.4149966814921178,0.2852445434193591
4,0.29573950777478103,0.06384500486210759
5,0.3462959585681976,0.07187162753667552
4,0.11342012691994373,0.02685831643989465
4,0.04296021964718379,0.009988849257247192
5,0.34229077224906096,0.07363406105442517
5,1.1940102494291969,0.24357531881072922
3,0.02087439951277575,0.005189818144952703
5,1.3091848564193964,0.25353781116487334
4,0.059923058280135943,0.014633059317419522
4,0.5691048915079733,0.1354688834062017
5,0.6769842347693187,0.15277721484888576
4,3.222951980466717,0.435534024530715
4,0.32430673023771855,0.07506142060470475
4,0.2852534229670998,0.06496082150263696
3,0.33365162552916316,0.0765960689296248
5,1.549186074409511,0.2913655915325664
5,0.5276781553796366,0.12100526629859655
4,0.5224344742520138,0.12347295234134358
3,0.20016477042544262,0.0472855136815213
5,0.5648340917858048,0.10566864856949892
4,0.45064557298948266,0.08877971804294434
4,0.8648890605762318,0.19601702080746225
4,0.04454346633947573,0.011067612111858489
3,0.17717406677477557,0.04360540689921018
3,0.2547516323317917,0.058575541251511945
4,0.7542007113978844,0.1585765314711144
5,0.33442566515042965,0.07143878833858287
4,0.7212932501875027,0.13350371797634356
4,1.7281359887258045,0.2805771165529916
4,0.740101593871614,0.16988229168635696
3,0.40074183335793495,0.09122369856273152
5,0.9522914205585995,0.20144381475468479
3,0.3273215133134002,0.07829532033262956
4,2.725914807912121,0.41196319872079096
5,1.3538162531951572,0.2900041206387852
5,1.0494524120566489,0.20978444252027045
4,0.540402909163237,0.11792882566482657
5,0.9575818738140357,0.1967961962820394
4,0.4283065939591303,0.09584389182632694
5,0.4584584648910609,0.09983296217364968
5,0.30854261226388174,0.07226042436990532
4,0.6548675970068865,0.14704992162910055
4,0.9215438855163393,0.1672295721068207
3,0.04471784526301228,0.011005774957160923
5,0.39380266672640807,0.09080392659516923
3,1.194241245545309,0.2058012760445841
5,0.8742455838224068,0.16644958690800193
4,0.23377502821348348,0.05608267189268473
4,0.22650135228468612,0.04887926323464947
4,0.6569304229034947,0.1331718713633723
5,1.2291002028617983,0.2608438041462736
3,1.7088442191820488,0.33059239616600666
4,0.9836664655927665,0.17907957635948873
3,0.1874464302866823,0.04386348805198759
4,0.7975291418725641,0.12904844109512986
4,0.12398626113396359,0.025424047020001866
4,0.5841450800370226,0.09267778760591688
4,0.7091557731620752,0.1560780402121908
5,1.3664247328810069,0.2557362492033279
4,1.886852013399466,0.3921908900104866
3,0.2916634737453892,0.06985161420745686
3,0.08342009377989575,0.018387638846953304
5,0.864188496048868,0.19241797589350815
3,1.5476870446190965,0.30777252396056765
5,0.8459992323673674,0.15790055496046018
4,0.968600808415618,0.19863429703857896
3,0.1388680291149609,0.033604593893793167
5,0.041349739396602775,0.01008106199299301
3,0.9348128940615308,0.2062967963374788
3,0.15402304920511833,0.037922130092396214
4,0.19825406203939278,0.04483364455299288
3,0.395315426208374,0.09232928095000552
