chain,t,rho,rate_mean,rate_lo,rate_hi,loop_rate_mean
ring p=0.3 q=0.05,100,0.14291452749618538,0.02526719814802984,-0.05574423180906426,0.09941930121587152,0.05757490732308029
ring p=0.3 q=0.05,113,0.14291452749618538,0.03723289421868998,-0.034910450779455676,0.12139240883943289,0.06189454452240053
ring p=0.3 q=0.05,129,0.14291452749618538,0.040057772404687414,-0.020002460308740654,0.11811838077439137,0.06227298241581534
ring p=0.3 q=0.05,147,0.14291452749618538,0.05555481411915909,-0.009414231073481336,0.11773926186307163,0.06744038181936578
ring p=0.3 q=0.05,167,0.14291452749618538,0.05636878520641838,0.011164496768586359,0.10704848583369823,0.06767115651486576
ring p=0.3 q=0.05,190,0.14291452749618538,0.06696988865165938,0.01868664906060987,0.10588843595361859,0.07043775710271315
ring p=0.3 q=0.05,216,0.14291452749618538,0.07334947338683726,0.03185844007838527,0.11523282897181181,0.07114550683406637
ring p=0.3 q=0.05,246,0.14291452749618538,0.07980999475271074,0.022253879983264762,0.12340187481994944,0.07210581357830614
ring p=0.3 q=0.05,280,0.14291452749618538,0.08369270442471566,0.030035707156987296,0.1288653718704101,0.07162467014853649
ring p=0.3 q=0.05,318,0.14291452749618538,0.0922139979112154,0.04022681696175538,0.13694314567635038,0.07381365094508771
ring p=0.3 q=0.05,362,0.14291452749618538,0.09791185075695018,0.049755185264590565,0.1341563057840179,0.07565472225526726
ring p=0.3 q=0.05,412,0.14291452749618538,0.10491481360465116,0.058316127875610614,0.15058599532843067,0.07632676006315883
ring p=0.3 q=0.05,469,0.14291452749618538,0.10490757856560537,0.0688104829703372,0.1442467057237019,0.07521142430661625
ring p=0.3 q=0.05,533,0.14291452749618538,0.10681300691974097,0.07193243430887887,0.14809324885131098,0.07576327701145552
ring p=0.3 q=0.05,607,0.14291452749618538,0.11001736774390665,0.08099369381222667,0.13807014105497029,0.07682079823399462
ring p=0.3 q=0.05,690,0.14291452749618538,0.11392738533853908,0.08466566370872598,0.14281908109597546,0.07710561125426205
ring p=0.3 q=0.05,785,0.14291452749618538,0.11668425072356799,0.08599163983306628,0.15149324045998389,0.07663467314592663
ring p=0.3 q=0.05,893,0.14291452749618538,0.12020370520880848,0.09702753264633751,0.14886931220243177,0.07753537561670365
ring p=0.3 q=0.05,1016,0.14291452749618538,0.12465704882160236,0.10130277035379257,0.14600993768812381,0.07827396638524939
ring p=0.3 q=0.05,1156,0.14291452749618538,0.1256936043102938,0.1034309477505901,0.14463887083960666,0.07812524282798249
ring p=0.3 q=0.05,1315,0.14291452749618538,0.1268119053444725,0.10912724235519729,0.1402027433476492,0.07851802719332078
ring p=0.3 q=0.05,1496,0.14291452749618538,0.12699771994495207,0.11029181735911366,0.13899280413254242,0.07816227828058395
ring p=0.3 q=0.05,1701,0.14291452749618538,0.13042198682153003,0.11054210079175028,0.14133634076245985,0.07903888172595963
ring p=0.3 q=0.05,1935,0.14291452749618538,0.13315630274919288,0.12229486975115914,0.14438415003714514,0.08008029447183083
ring p=0.3 q=0.05,2201,0.14291452749618538,0.13564404750788223,0.12404294826366619,0.14486222573117957,0.08023879114595024
ring p=0.3 q=0.05,2504,0.14291452749618538,0.1370228841490585,0.1289471435017018,0.14544722069188434,0.08055292378119812
ring p=0.3 q=0.05,2848,0.14291452749618538,0.13671887907962635,0.12379849155710095,0.14922989543869908,0.07989515666984331
ring p=0.3 q=0.05,3240,0.14291452749618538,0.13654780941305958,0.12648050938135752,0.1487286405224777,0.07967738399954878
ring p=0.3 q=0.05,3686,0.14291452749618538,0.13881430813886128,0.1300825576269758,0.1501663368256916,0.08038620977858096
ring p=0.3 q=0.05,4193,0.14291452749618538,0.14002862301522884,0.13198073188988177,0.15194190092264415,0.08079708194099536
ring p=0.3 q=0.05,4769,0.14291452749618538,0.141006224889673,0.1322558356224242,0.15145832264988035,0.0812164202596296
ring p=0.3 q=0.05,5425,0.14291452749618538,0.14055014112563963,0.12898520957992804,0.15106496115507617,0.08076278634589312
ring p=0.3 q=0.05,6171,0.14291452749618538,0.13975307966174852,0.12895489491867554,0.14918678551504222,0.08019160397830587
ring p=0.3 q=0.05,7020,0.14291452749618538,0.1401598965123488,0.1299604118309053,0.15246149404604392,0.08017686217118544
ring p=0.3 q=0.05,7985,0.14291452749618538,0.1401090859717134,0.1295765511375038,0.14674502157203612,0.08019316965235171
ring p=0.3 q=0.05,9083,0.14291452749618538,0.14066083892748718,0.13195373482235948,0.14821894855024095,0.08030635562599484
ring p=0.3 q=0.05,10332,0.14291452749618538,0.140357296738622,0.13260854622870807,0.14619746614710102,0.08021039643671689
ring p=0.3 q=0.05,11752,0.14291452749618538,0.14007895765559522,0.13492096708559587,0.14531148844515515,0.08015313802232625
ring p=0.3 q=0.05,13368,0.14291452749618538,0.14075145520809373,0.13528260942834963,0.14550605194684663,0.0803214097378204
ring p=0.3 q=0.05,15206,0.14291452749618538,0.1411888302332497,0.13484923841421723,0.1455245994378401,0.08035104038808545
ring p=0.3 q=0.05,17297,0.14291452749618538,0.14163672288623083,0.1369625388930144,0.14540990808504387,0.08054056508373245
ring p=0.3 q=0.05,19675,0.14291452749618538,0.1417278476822193,0.13769506603538695,0.14591548820491454,0.080444861759814
ring p=0.3 q=0.05,22381,0.14291452749618538,0.14169965304818427,0.1360371581768807,0.1469095262303615,0.0804084925371102
ring p=0.3 q=0.05,25458,0.14291452749618538,0.1418238020355783,0.1344822840204198,0.1461372808527088,0.08044789387030722
ring p=0.3 q=0.05,28959,0.14291452749618538,0.1421040875878204,0.13587535632121076,0.14806329196388976,0.08046730188371845
ring p=0.3 q=0.05,32940,0.14291452749618538,0.1425153375942311,0.13768492401178486,0.1461026309763328,0.08055448188307272
ring p=0.3 q=0.05,37470,0.14291452749618538,0.14244473905374924,0.1384466405239711,0.1461608710829996,0.08052842561337098
ring p=0.3 q=0.05,42622,0.14291452749618538,0.14256516959149065,0.13816834567503422,0.14559326583317753,0.08055785911074569
ring p=0.3 q=0.05,48482,0.14291452749618538,0.14256635557503333,0.13889608074720933,0.14492719967052412,0.0806049231509309
ring p=0.3 q=0.05,55148,0.14291452749618538,0.14250242043605854,0.13903691151845354,0.14440687321637286,0.08059769800755415
ring p=0.3 q=0.05,62731,0.14291452749618538,0.14248793059133574,0.13940840609513447,0.14498765999647314,0.08056413435383182
ring p=0.3 q=0.05,71356,0.14291452749618538,0.14247992585526464,0.13971270321849577,0.14480427250509187,0.08051666910216623
ring p=0.3 q=0.05,81167,0.14291452749618538,0.14259201112833098,0.1399580620665373,0.14574435954411114,0.08055168095132906
ring p=0.3 q=0.05,92327,0.14291452749618538,0.14253838268992267,0.140132976887669,0.14521245463298899,0.08052783683640548
ring p=0.3 q=0.05,105022,0.14291452749618538,0.1425986738433113,0.14009837374672682,0.14548559324835578,0.08049490249518601
ring p=0.3 q=0.05,119462,0.14291452749618538,0.14263428465876943,0.14057364144701304,0.14454383622554653,0.08056591557589184
ring p=0.3 q=0.05,135887,0.14291452749618538,0.14281413675270344,0.14140835976866276,0.14462764514593046,0.0805844091615379
ring p=0.3 q=0.05,154571,0.14291452749618538,0.14282604281237501,0.14125891941635094,0.14390511318360244,0.08062057323599932
ring p=0.3 q=0.05,175824,0.14291452749618538,0.1429922672838348,0.14178190093644044,0.1442337145986562,0.08069366754065455
ring p=0.3 q=0.05,200000,0.14291452749618538,0.14299304449033454,0.14196060437451613,0.1441661103925305,0.08066683493405699
ring p=0.3 q=0.2,100,0.014524702772665637,-0.1291451974632062,-0.1489408813258325,-0.10747663243487478,0.001153147103616731
ring p=0.3 q=0.2,113,0.014524702772665637,-0.11768281328893451,-0.1340187018645013,-0.0984866980274277,0.0005295393482486847
ring p=0.3 q=0.2,129,0.014524702772665637,-0.10504786680576736,-0.1231626994025856,-0.08332993346246317,0.002431693343034123
ring p=0.3 q=0.2,147,0.014524702772665637,-0.09491058109067234,-0.11438878574844959,-0.0762879318264868,0.0016516544255300622
ring p=0.3 q=0.2,167,0.014524702772665637,-0.08479363997839533,-0.10247172701712544,-0.06656659666079817,0.003306298948730408
ring p=0.3 q=0.2,190,0.014524702772665637,-0.0727934866000062,-0.08910857841537713,-0.04982493266999255,0.00643238633224783
ring p=0.3 q=0.2,216,0.014524702772665637,-0.06210074287281211,-0.08217841655018085,-0.04445341605277309,0.008924465474757285
ring p=0.3 q=0.2,246,0.014524702772665637,-0.05433245087872799,-0.06867710451723893,-0.039893904089947564,0.01037887809539475
ring p=0.3 q=0.2,280,0.014524702772665637,-0.04755390161820302,-0.060443981091545106,-0.03545288179930613,0.011082629457112705
ring p=0.3 q=0.2,318,0.014524702772665637,-0.04122125201098157,-0.05761333682289606,-0.026387910889635866,0.011535885571470368
ring p=0.3 q=0.2,362,0.014524702772665637,-0.036349954460911216,-0.05146569892381291,-0.017366753920494762,0.011111334982767593
ring p=0.3 q=0.2,412,0.014524702772665637,-0.032762108445799985,-0.04442870914875351,-0.01595962535695227,0.010283817692249925
ring p=0.3 q=0.2,469,0.014524702772665637,-0.028169096547159878,-0.04142560794133863,-0.010642012942381176,0.010663069108933977
ring p=0.3 q=0.2,533,0.014524702772665637,-0.02503466410710851,-0.03541921533194827,-0.013347624727164146,0.01034623769392075
ring p=0.3 q=0.2,607,0.014524702772665637,-0.021060877764646192,-0.029150583494452476,-0.011093567035589039,0.010963520619246275
ring p=0.3 q=0.2,690,0.014524702772665637,-0.018880790704245597,-0.025331256542350484,-0.013015198793344817,0.010047432128367707
ring p=0.3 q=0.2,785,0.014524702772665637,-0.01551148964779959,-0.02231418454127311,-0.007945918473698618,0.01039229283054494
ring p=0.3 q=0.2,893,0.014524702772665637,-0.012485206537953457,-0.01778906124956336,-0.007239853745799287,0.010824800724918636
ring p=0.3 q=0.2,1016,0.014524702772665637,-0.009896023633589542,-0.014517487865064573,-0.0056714364631120055,0.011092987787045771
ring p=0.3 q=0.2,1156,0.014524702772665637,-0.007551189705877211,-0.01180785632007799,-0.0030265008015316667,0.01139082406902171
ring p=0.3 q=0.2,1315,0.014524702772665637,-0.004868725106278932,-0.0087111345241082,-0.0017202472528821417,0.011845898168071486
ring p=0.3 q=0.2,1496,0.014524702772665637,-0.0034064909298018855,-0.007305461131168707,-9.389421944038521e-05,0.011683864954066835
ring p=0.3 q=0.2,1701,0.014524702772665637,-0.002055209874487641,-0.006053713403430536,0.003242521742500407,0.011536498742529176
ring p=0.3 q=0.2,1935,0.014524702772665637,-0.0004062101750332985,-0.0037967848604707186,0.0037378484756497013,0.011682969557260347
ring p=0.3 q=0.2,2201,0.014524702772665637,0.0006212537991604914,-0.004371376930240715,0.0048556259829156635,0.011356685599962158
ring p=0.3 q=0.2,2504,0.014524702772665637,0.0019276774309739727,-0.001536393217672066,0.005776715920863896,0.011504125981196338
ring p=0.3 q=0.2,2848,0.014524702772665637,0.0028439239480082213,-0.00018013195157023546,0.006253641195193206,0.011380124319002009
ring p=0.3 q=0.2,3240,0.014524702772665637,0.0036775412931010247,0.0007232636372787608,0.006866638143458905,0.011264274479201149
ring p=0.3 q=0.2,3686,0.014524702772665637,0.004635573652546212,0.002376266005369784,0.006940604130826572,0.01137743900707518
ring p=0.3 q=0.2,4193,0.014524702772665637,0.005610091273443846,0.0024932262098855433,0.008706765286614997,0.011548056681090404
ring p=0.3 q=0.2,4769,0.014524702772665637,0.006580901624119564,0.0027866214806149987,0.011091945981085354,0.011791238222002185
ring p=0.3 q=0.2,5425,0.014524702772665637,0.007446737922225687,0.00431558088114197,0.0105805546740259,0.012062906497663565
ring p=0.3 q=0.2,6171,0.014524702772665637,0.008253299466671343,0.005608784982609776,0.01116237227359018,0.01227518263001742
ring p=0.3 q=0.2,7020,0.014524702772665637,0.00868611812078732,0.006704328393813688,0.011407817666869737,0.012263328206028322
ring p=0.3 q=0.2,7985,0.014524702772665637,0.009301198215255232,0.006975575240340301,0.01175098539359382,0.012441120645170384
ring p=0.3 q=0.2,9083,0.014524702772665637,0.010084958446829509,0.008134522158683289,0.01185196725966227,0.012780892935861581
ring p=0.3 q=0.2,10332,0.014524702772665637,0.010803767526316566,0.008359901574554329,0.01255526236023855,0.013180062889940577
ring p=0.3 q=0.2,11752,0.014524702772665637,0.011296936754819912,0.00947442282330661,0.013470291537350484,0.013315349645191415
ring p=0.3 q=0.2,13368,0.014524702772665637,0.011610784794811046,0.009748273021409477,0.01401291299291293,0.013349918817521855
ring p=0.3 q=0.2,15206,0.014524702772665637,0.011877014691116386,0.010306254956872301,0.01382333230352526,0.013363618682334688
ring p=0.3 q=0.2,17297,0.014524702772665637,0.012268620601406178,0.010137650568185155,0.01397338956516109,0.013473540048765225
ring p=0.3 q=0.2,19675,0.014524702772665637,0.012411398252594269,0.010635146851382511,0.013866628200120886,0.013424044006024007
ring p=0.3 q=0.2,22381,0.014524702772665637,0.012568121089720543,0.011414967237631444,0.01360607529701487,0.013381726948703876
ring p=0.3 q=0.2,25458,0.014524702772665637,0.01274761281575806,0.011176483098104033,0.014107502105317103,0.01339142759302359
ring p=0.3 q=0.2,28959,0.014524702772665637,0.012792122044229434,0.011060314341461245,0.014627053972422402,0.013305753232001699
ring p=0.3 q=0.2,32940,0.014524702772665637,0.013063227706312752,0.011657748824878043,0.014559504195728072,0.013436663615182481
ring p=0.3 q=0.2,37470,0.014524702772665637,0.013255041426056704,0.011935957254157144,0.014328874262791015,0.013499724963934891
ring p=0.3 q=0.2,42622,0.014524702772665637,0.013447555490503341,0.012003136271633415,0.014519340153064959,0.013577775240912998
ring p=0.3 q=0.2,48482,0.014524702772665637,0.01365194264736817,0.01230995054998436,0.014596366018010457,0.01367653307670758
ring p=0.3 q=0.2,55148,0.014524702772665637,0.013853541907826122,0.012586154730681086,0.015154843241287304,0.013800422889954875
ring p=0.3 q=0.2,62731,0.014524702772665637,0.013950889010802594,0.012761036915555036,0.01502470109481756,0.013817002042443668
ring p=0.3 q=0.2,71356,0.014524702772665637,0.014058936093085131,0.012933157553100035,0.01484081469072374,0.013839006756989647
ring p=0.3 q=0.2,81167,0.014524702772665637,0.014151574589368748,0.013244865235414774,0.014741199544439858,0.013878380398745024
ring p=0.3 q=0.2,92327,0.014524702772665637,0.014087900311344673,0.013357267826737842,0.014946837237645462,0.013788540251312528
ring p=0.3 q=0.2,105022,0.014524702772665637,0.014056772857381272,0.01329975466512436,0.014928018252139302,0.0136996312678896
ring p=0.3 q=0.2,119462,0.014524702772665637,0.014215923944424464,0.013518095534991113,0.015142561830533818,0.013800175187964087
ring p=0.3 q=0.2,135887,0.014524702772665637,0.014195569784606682,0.013573071002587547,0.014988297162668382,0.013744554504257201
ring p=0.3 q=0.2,154571,0.014524702772665637,0.014198163089120133,0.01357288147069585,0.014978873457600262,0.013722740517583796
ring p=0.3 q=0.2,175824,0.014524702772665637,0.014228447639789654,0.013606274349648492,0.014887900327817899,0.013725638467758927
ring p=0.3 q=0.2,200000,0.014524702772665637,0.01427735422517914,0.013711016818321434,0.014933620871783897,0.013754836424989536
one-way ring p=0.3,100,0.3,0.1392046906253364,0.09131421809348889,0.20353313889661687,0.06391819427544734
one-way ring p=0.3,113,0.3,0.15268084001911947,0.1119156242055238,0.22936632566338488,0.0693945083361293
one-way ring p=0.3,129,0.3,0.16964198783577178,0.11683270283064671,0.23554150298017668,0.07280158020996158
one-way ring p=0.3,147,0.3,0.17833856604424744,0.13378871673291046,0.23595694086690808,0.07579088894065991
one-way ring p=0.3,167,0.3,0.18821878330946556,0.1486636653297577,0.24602170369106505,0.07809081349055315
one-way ring p=0.3,190,0.3,0.19591895752193797,0.160041590660446,0.23213977792644291,0.08021623565217904
one-way ring p=0.3,216,0.3,0.20797584596949786,0.18370142034778442,0.2501686276688095,0.08259732553423016
one-way ring p=0.3,246,0.3,0.21690613049973212,0.1910033241566545,0.25358601974975054,0.08532916113195604
one-way ring p=0.3,280,0.3,0.2239476140305575,0.1945069138190666,0.25693541524777497,0.08711048784069421
one-way ring p=0.3,318,0.3,0.23069125139111873,0.20164237375631802,0.25909031280877537,0.08802173088079047
one-way ring p=0.3,362,0.3,0.23590309870911855,0.20371096153350923,0.26198630227529324,0.0890632298602854
one-way ring p=0.3,412,0.3,0.24182913031729253,0.21330754747812988,0.26118653696959837,0.09014774924849261
one-way ring p=0.3,469,0.3,0.24846150693066407,0.22070208917219383,0.2774552747396454,0.09166494552085337
one-way ring p=0.3,533,0.3,0.25332927396129035,0.22694459034790068,0.2854939635065061,0.0923843339582389
one-way ring p=0.3,607,0.3,0.256194400491369,0.23082627971691463,0.2797359213999008,0.09281852138793314
one-way ring p=0.3,690,0.3,0.2616829235111451,0.23763448791569822,0.28196016149289854,0.09389976293259608
one-way ring p=0.3,785,0.3,0.2654162357577585,0.24766572982454918,0.2838341051504964,0.09463800246403659
one-way ring p=0.3,893,0.3,0.2684124376895226,0.25267318136628353,0.2899849390271759,0.09500652693526991
one-way ring p=0.3,1016,0.3,0.27301748249602775,0.25766464239210635,0.28856660023355035,0.09605396235073552
one-way ring p=0.3,1156,0.3,0.2767976798281842,0.26430067697233245,0.29328821489322016,0.0968778751348497
one-way ring p=0.3,1315,0.3,0.27914022327047666,0.26666421725493794,0.2976160375279632,0.09725537803123249
one-way ring p=0.3,1496,0.3,0.280588890517179,0.260966827752162,0.2982112630017765,0.09735348993070694
one-way ring p=0.3,1701,0.3,0.28204327177079014,0.26957726529614573,0.30009074436629524,0.097496072908923
one-way ring p=0.3,1935,0.3,0.28366774210715084,0.2764327914368846,0.29700102499605074,0.09777303322694803
one-way ring p=0.3,2201,0.3,0.2852295666112335,0.2769389918670419,0.299473230045359,0.09795130338065867
one-way ring p=0.3,2504,0.3,0.2864549499685686,0.27615123239848466,0.2963588580402085,0.09807940028493696
one-way ring p=0.3,2848,0.3,0.2878953141094785,0.279326986884995,0.29811299365350036,0.0983289388973724
one-way ring p=0.3,3240,0.3,0.28951182152911736,0.2841874510796213,0.2967812302085729,0.0985928449758513
one-way ring p=0.3,3686,0.3,0.2904803551618278,0.28689883570970903,0.29596035359932993,0.09874954354975657
one-way ring p=0.3,4193,0.3,0.2912480821127818,0.2871581898314823,0.2955529578518523,0.09881727101666693
one-way ring p=0.3,4769,0.3,0.2919575385045644,0.2879416989794206,0.2959098724682719,0.09888673039541478
one-way ring p=0.3,5425,0.3,0.29302084921181626,0.2890760773521314,0.29851375920468887,0.09906743173534782
one-way ring p=0.3,6171,0.3,0.29443050021014294,0.29038750195451696,0.2983438441159489,0.09940703566568303
one-way ring p=0.3,7020,0.3,0.294725511620875,0.2915560373658203,0.29899173943767776,0.09938615627341581
one-way ring p=0.3,7985,0.3,0.295574871339021,0.2914169838979355,0.2996324264574139,0.09955426637412543
one-way ring p=0.3,9083,0.3,0.29585572018989204,0.2931968390980073,0.29818421253501576,0.09953108190745377
one-way ring p=0.3,10332,0.3,0.2962979130509953,0.29288143411784157,0.2987563259520556,0.09959744647120436
one-way ring p=0.3,11752,0.3,0.29651486856857234,0.29371115147859034,0.2986719093710003,0.09959077747798918
one-way ring p=0.3,13368,0.3,0.29660646376390626,0.294459495947839,0.2986187058666585,0.09953177864351857
one-way ring p=0.3,15206,0.3,0.2972759214578974,0.29450724503429915,0.29991960264014067,0.09968701939332816
one-way ring p=0.3,17297,0.3,0.29776088527842803,0.2949656085821774,0.3000184719031228,0.09978844984020492
one-way ring p=0.3,19675,0.3,0.2977134753203407,0.2952611372723828,0.30006416794079127,0.09971236680453484
one-way ring p=0.3,22381,0.3,0.2977125639931372,0.29467875928313586,0.30066148224220374,0.09966448402099744
one-way ring p=0.3,25458,0.3,0.29768038841986255,0.2952842760230636,0.300331801551627,0.09961272750686848
one-way ring p=0.3,28959,0.3,0.29816429069096134,0.296353099359939,0.3008111640866125,0.09973206315365372
one-way ring p=0.3,32940,0.3,0.2983677047643198,0.29655835410643566,0.3011546018545854,0.09976596286776582
one-way ring p=0.3,37470,0.3,0.29851946750235675,0.29523817435017247,0.30133905762978735,0.09978358198191381
one-way ring p=0.3,42622,0.3,0.2986196536486102,0.2963802007627947,0.301025690500343,0.09978862598800647
one-way ring p=0.3,48482,0.3,0.2987801522234422,0.29680828368280715,0.3013852462819645,0.09981417468049394
one-way ring p=0.3,55148,0.3,0.29914596681928235,0.2965311857581701,0.3016519517697141,0.09991279496734005
one-way ring p=0.3,62731,0.3,0.2988728726975253,0.29663713352105775,0.3014513403280295,0.09980298125102717
one-way ring p=0.3,71356,0.3,0.29926756798071785,0.2972376056506769,0.301905752382296,0.09991438445060537
one-way ring p=0.3,81167,0.3,0.29933629492244657,0.2969917451210763,0.3017892626048912,0.09991980505448275
one-way ring p=0.3,92327,0.3,0.29946355339396014,0.29718469614527004,0.3014196441302428,0.09994736985775778
one-way ring p=0.3,105022,0.3,0.2997268563390857,0.2976034906791312,0.3018149899202158,0.10002276491456268
one-way ring p=0.3,119462,0.3,0.29966228869191763,0.2976114270140768,0.3017633763908511,0.09998778537825585
one-way ring p=0.3,135887,0.3,0.2996993734419648,0.2981705297982431,0.30105748786872166,0.09998962974278039
one-way ring p=0.3,154571,0.3,0.29969005280477135,0.29823279397408464,0.30127346743477174,0.09997762074941095
one-way ring p=0.3,175824,0.3,0.29970244995139045,0.29798425458217775,0.301019676408544,0.0999723633682387
one-way ring p=0.3,200000,0.3,0.2996556297633072,0.2977716296604455,0.30095463015585305,0.09994920408428601
random k=4,100,0.1614040991638851,-0.06797819392124646,-0.12228023349096845,0.01845433049678938,0.037070064453510305
random k=4,113,0.1614040991638851,-0.043665156177252494,-0.09969157966129032,0.037789023291106415,0.04520785629732742
random k=4,129,0.1614040991638851,-0.0238384625568908,-0.07522635224949836,0.05098581862749257,0.05045156005886257
random k=4,147,0.1614040991638851,-0.014164397633069073,-0.06758017874871898,0.05422908451829999,0.05428004537458282
random k=4,167,0.1614040991638851,0.0026814370579527113,-0.0403580656786571,0.042745051703026,0.058639215255637436
random k=4,190,0.1614040991638851,0.01779262692117385,-0.018683904553458586,0.0650719859106967,0.06372369846207143
random k=4,216,0.1614040991638851,0.02470226273366731,-0.019242335774285853,0.07251539294699487,0.06462350734525821
random k=4,246,0.1614040991638851,0.032006381674467066,-0.007964775477060088,0.07660657063562419,0.06558267804470794
random k=4,280,0.1614040991638851,0.04779166816674947,0.008667634659975219,0.09707742490847841,0.06833497283846525
random k=4,318,0.1614040991638851,0.05911597603143444,0.013788490657923348,0.10218932596299526,0.07033191274987734
random k=4,362,0.1614040991638851,0.07296855825930007,0.03324451265759581,0.11351494642835125,0.0734336680689955
random k=4,412,0.1614040991638851,0.07952251366968499,0.056937869034335446,0.11833433783833547,0.07588755509124742
random k=4,469,0.1614040991638851,0.08817018132253024,0.05396107370095654,0.11639420852371275,0.07710928037435294
random k=4,533,0.1614040991638851,0.09395314486162488,0.06803660015052601,0.11850723729603989,0.07796492306621797
random k=4,607,0.1614040991638851,0.10256489829170434,0.08401456402856082,0.1215406522195326,0.08008758977367256
random k=4,690,0.1614040991638851,0.1060308812026826,0.08948156447700095,0.12311086239501405,0.08011543702505564
random k=4,785,0.1614040991638851,0.1111888578794735,0.09021054002526561,0.1314252497626468,0.08118221614407557
random k=4,893,0.1614040991638851,0.11432314546088698,0.08914421530944197,0.1376907596313316,0.08054442096617767
random k=4,1016,0.1614040991638851,0.11815408811157586,0.09654240259655329,0.14241325785037084,0.08137468353922073
random k=4,1156,0.1614040991638851,0.12417129881790549,0.10335399253862596,0.14445437061854555,0.08300157965231406
random k=4,1315,0.1614040991638851,0.12886070895645835,0.10698148150504207,0.14843318933526928,0.08396553616104595
random k=4,1496,0.1614040991638851,0.13184765341214227,0.11487226847192107,0.15088343212337355,0.08436132110606231
random k=4,1701,0.1614040991638851,0.13422200330483988,0.11543517927878032,0.14728303269676013,0.08412640102904338
random k=4,1935,0.1614040991638851,0.13498823693931086,0.11832263872847398,0.15314166348139552,0.08373068432191716
random k=4,2201,0.1614040991638851,0.13833080271010895,0.12508527945784156,0.15411031645812476,0.08455213018073612
random k=4,2504,0.1614040991638851,0.14105250013377107,0.12771936878959958,0.152883584190063,0.08492898119112621
random k=4,2848,0.1614040991638851,0.1428414286117219,0.13277255793489723,0.15496216554164483,0.08506880636928918
random k=4,3240,0.1614040991638851,0.14463103963790602,0.13423647071090097,0.15934236960921838,0.08553799975336887
random k=4,3686,0.1614040991638851,0.1460821037194762,0.13635825864440138,0.15597694968453885,0.08586600475886573
random k=4,4193,0.1614040991638851,0.14824229031690783,0.13993069126728935,0.15693158305856475,0.0862111559577736
random k=4,4769,0.1614040991638851,0.14920050532008505,0.1436470168877119,0.15637879373681857,0.08626351066341424
random k=4,5425,0.1614040991638851,0.15010148494676734,0.14502953793104104,0.15567657209000313,0.08632984852170662
random k=4,6171,0.1614040991638851,0.15112254526092214,0.14403037879589187,0.15807860102261767,0.08651417704279145
random k=4,7020,0.1614040991638851,0.15202066633579495,0.1470849140495982,0.15669780937695593,0.08694947609689421
random k=4,7985,0.1614040991638851,0.15247873872704595,0.14726438354420662,0.15898395638579507,0.08685041724614218
random k=4,9083,0.1614040991638851,0.1528603259624302,0.14728972596991802,0.15823253046708283,0.08684008700815829
random k=4,10332,0.1614040991638851,0.1537385583034403,0.14882486787052943,0.15919808754136364,0.08692969801452734
random k=4,11752,0.1614040991638851,0.15448343686061264,0.14935064460007252,0.15877380928635593,0.08699293184302734
random k=4,13368,0.1614040991638851,0.1552177617615612,0.1506379599904086,0.15916564096492825,0.08717817799292278
random k=4,15206,0.1614040991638851,0.15636241891941374,0.15232328280998061,0.16058741018483821,0.0873944673724596
random k=4,17297,0.1614040991638851,0.15637490969761042,0.15199700829166016,0.16048719456276697,0.08711638884866235
random k=4,19675,0.1614040991638851,0.15636125294628092,0.15258003082861332,0.1607690175935084,0.08698313490852998
random k=4,22381,0.1614040991638851,0.15702061948729068,0.15312629243313444,0.1600594690306895,0.08711125181143334
random k=4,25458,0.1614040991638851,0.15759612583306148,0.1532828462423077,0.16075000685165275,0.0871017672287573
random k=4,28959,0.1614040991638851,0.1578940634718597,0.1538532419463407,0.1615390289754851,0.08718581224275286
random k=4,32940,0.1614040991638851,0.15797632910918066,0.15472658403480954,0.16128398233701396,0.08710705775920166
random k=4,37470,0.1614040991638851,0.15837175566356784,0.156243121471662,0.1610440921915804,0.08717310468367682
random k=4,42622,0.1614040991638851,0.15857923665713142,0.15581531574679525,0.1607212575179543,0.08718398104865673
random k=4,48482,0.1614040991638851,0.15904789106414713,0.1566476732264506,0.16201253124122317,0.08731889414023108
random k=4,55148,0.1614040991638851,0.15936902398913463,0.15784460567043412,0.1611335777031872,0.08744194783168498
random k=4,62731,0.1614040991638851,0.15970071272364636,0.1577888610888755,0.16144292275000469,0.08757606846958942
random k=4,71356,0.1614040991638851,0.15984476051899696,0.15806562388114578,0.16168986823680778,0.08750589005887632
random k=4,81167,0.1614040991638851,0.16002191326583043,0.1583202593936269,0.1617478871381476,0.0874972189525611
random k=4,92327,0.1614040991638851,0.16022646941850757,0.15908791183563678,0.16160598880190152,0.08755675258536223
random k=4,105022,0.1614040991638851,0.1602531454361717,0.15889038360689625,0.16206994810041694,0.08754659438701419
random k=4,119462,0.1614040991638851,0.16038814298620713,0.15868383358959123,0.16208144215120332,0.0875739130290545
random k=4,135887,0.1614040991638851,0.16046128328612935,0.159280891637123,0.16190248179421127,0.08759764655619237
random k=4,154571,0.1614040991638851,0.16051670069183596,0.158909453508149,0.16199989118766733,0.08763391485738735
random k=4,175824,0.1614040991638851,0.16058097216140443,0.159512498009534,0.16163897480002945,0.08769265729253173
random k=4,200000,0.1614040991638851,0.16051105617914949,0.15936616008074334,0.16166671081859088,0.08765321183760523
